tau,theta,MVI,Deli,AcorAr,MG
455,181,0.999981668,0.999977956,4329.209163,34.10180275
155,181,0.999982636,0.999978989,14369.15596,68.09989471
505,41,0.999848834,0.999848355,188.7224454,26.95774936
155,181,0.99998902,0.999984262,14285.01308,68.09989471
405,1,0.993892787,0.993641948,1.584990129,39.4970331
155,81,0.999956362,0.999954876,2639.801359,39.66876315
655,81,0.999937598,0.999937056,604.2554784,26.51542568
255,1,0.993799895,0.993557794,0.723344183,37.9722011
205,181,0.999982478,0.999978992,11070.02863,57.03389978
455,81,0.999938242,0.99993807,784.4145311,27.04667566
205,161,0.999979608,0.999978493,8772.590364,52.4540299
355,1,0.984142112,0.984132436,12.69796016,39.07354988
55,81,0.999975174,0.999964725,9186.038268,75.42505606
505,1,0.984624512,0.98461429,14.57860342,40.18441111
605,61,0.999886926,0.999886902,287.0282195,26.6205658
205,1,0.978779052,0.978773839,10.9067407,37.20850777
305,21,0.999700774,0.99970038,64.73976556,27.33416948
605,121,0.999964757,0.999964249,1686.282673,27.47321513
255,161,0.999977986,0.999977379,7026.210439,44.9112807
305,141,0.999973883,0.999973259,4462.161654,36.89686363
105,121,0.999977318,0.999974683,10101.31233,67.61071323
505,21,0.99969963,0.99969951,56.43062114,28.91337572
255,61,0.999916808,0.999908451,698.3995483,28.44463953
655,121,0.999971752,0.999966402,1605.538522,27.16650452
55,41,0.999928285,0.999924415,2312.639345,50.5171033
255,181,0.999980766,0.999979066,8689.277569,48.76987543
255,1,0.978894339,0.978889054,11.94603976,37.9722011
455,41,0.999847907,0.999847777,195.0071256,26.7703314
605,181,0.999973341,0.999973191,2881.521325,30.31953717
405,81,0.999937524,0.999935238,884.7929847,27.47321513
5,1,0.978673884,0.978668897,9.21200153,27.47321513
105,41,0.999886051,0.999885093,871.7870735,33.79806112
605,161,0.999971046,0.999968641,3392.804435,29.23574705
255,101,0.999973833,0.999969391,2301.685974,34.03005425
255,81,0.999944455,0.999944207,1396.225753,30.97108643
555,61,0.999887852,0.999887378,302.4279202,26.54758314
455,161,0.999972537,0.999971833,4220.357797,32.32930726
555,141,0.999967098,0.999966963,3102.438342,28.86998276
555,21,0.999709353,0.999708876,67.5506198,29.25681847
605,141,0.99996659,0.999966341,3015.26398,28.27670525
605,61,0.999887294,0.999885185,281.6167573,26.6205658
655,181,0.999972888,0.999972622,2568.351927,29.55865137
155,81,0.999968824,0.999959453,2651.924287,39.66876315
355,121,0.999978387,0.999972242,2358.715591,31.82994294
305,101,0.999971579,0.999969973,1741.306127,31.46570468
355,21,0.999693842,0.999693736,54.61326733,27.75233043
605,1,0.979369371,0.979363778,16.04265862,40.72714723
405,1,0.980204239,0.98019797,13.99360975,39.4970331
205,101,0.999983875,0.999974804,3088.661352,38.27772444
605,81,0.999937505,0.999936965,638.6038219,26.54337605
405,121,0.999968961,0.999968258,2108.686464,30.30549204
405,41,0.999848148,0.99984802,209.6499527,26.61629286
405,41,0.999844257,0.999844236,197.4747446,26.61629286
155,121,0.999979609,0.999976548,6514.012203,52.22633962
355,161,0.999974817,0.999974306,5154.419111,36.50506698
455,61,0.999888718,0.999886583,352.4295324,26.54422965
155,41,0.999866199,0.999865584,508.9165891,29.18626331
605,41,0.999848262,0.999848125,170.4464044,27.37494627
405,81,0.999938798,0.99993862,868.9383722,27.47321513
355,81,0.999951822,0.999944397,970.6347813,28.14718233
555,161,0.999971152,0.999969895,3637.189273,30.01069176
605,161,0.999970108,0.999969564,3397.172938,29.23574705
105,101,0.99997565,0.99996934,7227.140088,60.49829661
55,61,0.999957382,0.999955064,5404.634904,66.16343944
205,61,0.999907243,0.999906523,883.2403666,30.26413302
505,81,0.999949442,0.999942229,702.8227705,26.78130181
255,61,0.999899724,0.999899124,665.1512738,28.44463953
505,101,0.999965673,0.999965238,859.8652599,27.47321513
105,21,0.999698213,0.999698174,193.1425508,27.47321513
405,41,0.999846534,0.999846487,203.8122493,26.61629286
555,21,0.999689006,0.99968896,61.26350279,29.25681847
205,101,0.999975777,0.999970826,3117.361487,38.27772444
205,1,0.978180578,0.978176208,10.9652387,37.20850777
455,1,0.984481425,0.984471369,14.01876971,39.8630296
555,101,0.999964576,0.999964401,747.9098723,27.11621737
555,141,0.999969033,0.999966277,3163.028565,28.86998276
305,21,0.999692221,0.999692119,59.45062734,27.33416948
655,21,0.999716128,0.999712811,80.48507378,29.88184775
255,21,0.99969989,0.99969951,73.95831912,26.92963193
255,1,0.978496879,0.978492053,11.98878416,37.9722011
255,141,0.999977613,0.99997358,5332.474621,41.10736212
605,21,0.99976425,0.999740129,50.0267655,29.57913828
455,21,0.999705772,0.999705328,59.36919796,28.54770729
355,21,0.999755065,0.999731614,54.52552837,27.75233043
655,1,0.993979004,0.993719774,2.575599409,40.96008058
405,161,0.999973682,0.999972874,4631.393629,34.09049771
555,21,0.999762487,0.999738496,50.09100565,29.25681847
505,1,0.993933684,0.993678907,2.021499553,40.18441111
405,61,0.999890138,0.999890083,399.401354,26.66868379
255,161,0.999979251,0.999975684,7153.613436,44.9112807
605,41,0.999849185,0.999848689,175.8019735,27.37494627
355,81,0.999939346,0.999938743,996.73591,28.14718233
405,41,0.999849258,0.999846752,227.5652443,26.61629286
55,81,0.999961748,0.999955449,9238.760957,75.42505606
355,101,0.999978074,0.999970117,1382.036872,29.8248699
455,181,0.999976122,0.999974666,4403.874229,34.10180275
105,41,0.99988558,0.999881392,865.6903223,33.79806112
5,1,0.98155601,0.981548986,9.023017912,27.47321513
655,181,0.999973216,0.999972073,2608.424639,29.55865137
655,41,0.999846993,0.999846942,161.6364354,27.58957249
355,121,0.999970278,0.999970076,2320.60251,31.82994294
355,41,0.999876796,0.999864415,358.3373177,26.52400128
155,61,0.999919895,0.999919834,1399.827203,33.92505637
55,1,0.978171271,0.978166426,5.177594439,32.13654058
205,21,0.999752795,0.999729536,75.16225932,26.60425075
205,141,0.999978087,0.999977078,6564.636533,47.68750787
255,41,0.999853254,0.999850681,310.900573,26.78631423
255,21,0.999677067,0.999677031,70.27455861,26.92963193
605,61,0.999887424,0.999887371,286.8613612,26.6205658
405,121,0.999968703,0.999968377,2086.849043,30.30549204
505,121,0.999965971,0.999965843,1787.257507,28.45540266
405,81,0.999938363,0.999937791,882.0820313,27.47321513
455,161,0.999972308,0.999971957,4196.473914,32.32930726
105,101,0.999975638,0.999972661,7191.402686,60.49829661
555,161,0.999975942,0.999972059,3542.275221,30.01069176
505,121,0.999974086,0.999968481,1805.069357,28.45540266
355,1,0.993867302,0.993618887,1.322779565,39.07354988
105,81,0.999965039,0.999958939,4462.540671,51.78060279
505,1,0.979268263,0.979262737,15.07808277,40.18441111
155,81,0.999955707,0.999951594,2639.658276,39.66876315
505,141,0.999968439,0.999967819,3281.330555,29.65142881
455,181,0.999976365,0.9999739,4401.01088,34.10180275
655,141,0.999966813,0.999965614,2961.873986,27.82249898
305,41,0.999849965,0.999849837,258.7611194,26.54595802
55,1,0.993441661,0.993232404,-0.92495315,32.13654058
155,101,0.999976925,0.999976099,4453.295212,45.90599727
305,61,0.999895101,0.99989456,535.7171191,27.47321513
105,41,0.999884921,0.999884813,909.2585326,33.79806112
255,161,0.99998418,0.999979332,7112.928861,44.9112807
505,181,0.999975431,0.999973072,3821.767399,32.50769878
455,21,0.999697674,0.999697559,53.43111309,28.54770729
155,21,0.999681794,0.999681759,117.1742237,26.5512998
155,121,0.999979852,0.999975538,6540.886608,52.22633962
655,121,0.999964581,0.999963369,1658.354372,27.16650452
555,101,0.999965154,0.999964005,792.3457653,27.11621737
55,81,0.999961693,0.999956341,9224.92921,75.42505606
305,61,0.999895216,0.999895054,539.8882952,27.47321513
455,121,0.999968673,0.999965405,1970.193952,29.23011335
155,61,0.999920121,0.99991999,1387.15355,33.92505637
605,121,0.999972382,0.999966965,1655.235184,27.47321513
305,41,0.999878258,0.999865778,380.7706534,26.54595802
355,61,0.999892263,0.999892112,455.4030936,26.9449749
555,121,0.999966635,0.999963592,1769.266442,27.88956277
605,121,0.999964295,0.999964184,1646.354115,27.47321513
455,121,0.999967983,0.999966514,1962.53564,29.23011335
305,121,0.999980479,0.999974029,2767.211036,34.05679297
455,141,0.999978304,0.999973319,3416.46587,30.69381312
55,21,0.999771137,0.999770925,493.3086893,33.44319652
105,121,0.999977638,0.999972745,10162.54609,67.61071323
405,181,0.999976792,0.999976321,5052.075865,36.21221828
305,1,0.978990667,0.97898532,12.7267551,38.57872468
355,81,0.999939967,0.999939893,972.039699,28.14718233
155,41,0.999862578,0.999862549,535.0199136,29.18626331
455,161,0.99997791,0.999973832,4158.95341,32.32930726
155,21,0.999756595,0.999733097,97.94952245,26.5512998
555,181,0.99997967,0.999976165,3261.93566,31.27999821
405,21,0.999703968,0.99970354,58.26880755,28.15981123
205,101,0.999975631,0.999973313,3099.563365,38.27772444
205,161,0.999979924,0.999977599,8828.826459,52.4540299
205,121,0.99997771,0.999976561,4505.665995,42.90404963
355,181,0.999977877,0.999977542,5900.799076,39.07305676
405,161,0.99997405,0.999972458,4651.406126,34.09049771
605,181,0.999978862,0.999975435,2853.863984,30.31953717
255,61,0.99989926,0.999896756,662.3273983,28.44463953
655,61,0.999887547,0.999887071,271.1724708,26.72043654
655,101,0.999963072,0.999962994,611.3648342,26.70681263
505,21,0.999760658,0.999736799,50.43350488,28.91337572
505,61,0.999888303,0.999887828,325.0616812,26.51511334
555,41,0.999848029,0.999847895,176.2613603,27.16244246
205,181,0.999981828,0.999979506,10974.26715,57.03389978
255,1,0.983694427,0.983685228,10.97553423,37.9722011
105,81,0.999965724,0.999965319,4527.931456,51.78060279
505,161,0.999972534,0.999969971,3898.116062,31.01316862
555,61,0.999887168,0.999887144,305.130448,26.54758314
505,101,0.99996526,0.999965173,816.4313815,27.47321513
655,161,0.999969149,0.999969026,3158.985811,28.62991968
555,61,0.999887521,0.999885411,299.3860318,26.54758314
155,101,0.999977052,0.999971422,4510.368952,45.90599727
355,41,0.999849854,0.999847354,245.8430231,26.52400128
155,1,0.979513377,0.97950757,9.427398633,36.19230265
155,1,0.978065546,0.978061243,9.640868705,36.19230265
255,141,0.99997587,0.999975332,5223.344899,41.10736212
655,1,0.978686852,0.978682159,16.45293203,40.96008058
555,81,0.999937877,0.999937847,646.9490456,26.62465765
505,161,0.999971579,0.999970946,3892.79854,31.01316862
205,1,0.978397261,0.978392496,10.9487566,37.20850777
655,21,0.99971272,0.999712212,76.40121765,29.88184775
355,121,0.999971105,0.999969299,2384.086767,31.82994294
305,101,0.99997188,0.999967802,1778.425761,31.46570468
305,81,0.999940207,0.999937708,1162.775803,29.21894939
605,81,0.999937948,0.999937884,615.9334645,26.54337605
655,121,0.999963872,0.999963656,1619.659518,27.16650452
655,81,0.999936867,0.999934654,601.8959489,26.51542568
305,21,0.99975347,0.999730138,58.01163765,27.33416948
355,161,0.999975037,0.999974076,5184.5831,36.50506698
305,1,0.993836972,0.993591413,1.028091702,38.57872468
205,61,0.999907322,0.999907235,914.5962226,30.26413302
355,41,0.999847148,0.999847101,223.7370872,26.52400128
605,101,0.999972624,0.999965461,659.0140589,26.87101737
255,101,0.999981875,0.99997323,2265.130619,34.03005425
505,81,0.999937569,0.999937024,731.8016928,26.78130181
305,41,0.999848384,0.999848337,252.9687186,26.54595802
605,81,0.99993786,0.999937693,627.5458891,26.54337605
405,21,0.999756888,0.999733304,52.42591876,28.15981123
655,81,0.999949074,0.999941893,575.735723,26.51542568
655,61,0.999904381,0.999896801,294.7459863,26.72043654
55,41,0.999928346,0.999927676,2390.801188,50.5171033
205,21,0.999677408,0.999677373,86.03784251,26.60425075
155,161,0.999980463,0.999977632,11634.67588,63.59455162
255,121,0.999982896,0.999976049,3432.615476,37.44761999
455,1,0.980291853,0.980285524,14.55842901,39.8630296
655,81,0.999938011,0.999937947,582.2272881,26.51542568
405,121,0.999970063,0.999966622,2140.328337,30.30549204
655,41,0.999876222,0.999863867,321.7507547,27.58957249
455,101,0.999966717,0.999966258,978.6567046,27.98819554
105,81,0.999977026,0.999966262,4429.107688,51.78060279
655,181,0.999972786,0.999972648,2541.508697,29.55865137
105,81,0.999965596,0.999964073,4537.843554,51.78060279
555,121,0.999965047,0.999964929,1706.156084,27.88956277
555,161,0.999970779,0.999970196,3623.595373,30.01069176
605,21,0.999691087,0.99969104,66.50024119,29.57913828
505,161,0.999976843,0.999972873,3820.222935,31.01316862
255,81,0.99995685,0.999948938,1394.11039,30.97108643
105,81,0.999965387,0.99996223,4516.685392,51.78060279
655,141,0.999965813,0.999965695,2901.276197,27.82249898
105,21,0.999718621,0.999718205,193.058446,27.47321513
305,141,0.999974628,0.999972447,4516.410123,36.89686363
405,1,0.984321996,0.984312121,13.39642422,39.4970331
455,81,0.999937007,0.999934765,798.8811451,27.04667566
205,21,0.999691674,0.999691579,84.89635343,26.60425075
355,141,0.999972297,0.999971367,4001.785075,34.07601431
305,41,0.99984615,0.999846129,247.8024077,26.54595802
205,21,0.999704499,0.999701893,102.00591,26.60425075
205,1,0.983403491,0.983394587,9.881811654,37.20850777
255,181,0.999987228,0.999982782,8739.946326,48.76987543
305,1,0.978580028,0.97857515,12.71819537,38.57872468
55,41,0.999953653,0.999932671,2122.803986,50.5171033
405,61,0.999907007,0.999899274,429.2304366,26.66868379
505,121,0.999966423,0.999965851,1827.613945,28.45540266
255,21,0.999703975,0.999701315,87.53000034,26.92963193
405,61,0.999889917,0.999887749,393.2197064,26.66868379
555,101,0.999973342,0.999966085,731.8499711,27.11621737
655,181,0.999973352,0.999971203,2589.46063,29.55865137
655,1,0.980569711,0.980563185,16.40414797,40.96008058
505,81,0.99993801,0.99993798,697.6827281,26.78130181
105,141,0.999978708,0.999973886,13218.78346,72.81828741
405,21,0.999695716,0.999695606,52.83530047,28.15981123
55,61,0.999957491,0.999952023,5408.518529,66.16343944
605,101,0.999963862,0.999963693,680.8959912,26.87101737
555,181,0.999973991,0.999973826,3281.024732,31.27999821
605,161,0.999969874,0.999969615,3375.106714,29.23574705
105,21,0.999770543,0.999746083,156.0746383,27.47321513
155,21,0.99970837,0.999705749,130.5338169,26.5512998
455,81,0.999938319,0.999938289,762.1273855,27.04667566
655,81,0.999937912,0.999937883,572.4144643,26.51542568
555,41,0.999875704,0.999863387,328.4556839,27.16244246
505,61,0.999887965,0.999885848,322.2792611,26.51511334
355,161,0.999975401,0.999973601,5213.489569,36.50506698
355,1,0.978651334,0.978646411,13.37628313,39.07354988
605,21,0.999672416,0.999672394,67.7638071,29.57913828
505,41,0.999848992,0.999846442,206.0281075,26.95774936
105,61,0.999941049,0.999940889,2467.215765,42.45399514
555,41,0.999844184,0.999844162,164.839995,27.16244246
305,121,0.999973855,0.999969854,2799.603018,34.05679297
155,161,0.999980938,0.999977102,11697.9109,63.59455162
105,21,0.999678256,0.999678237,197.0677311,27.47321513
305,141,0.999973708,0.999973362,4439.869984,36.89686363
555,81,0.999937856,0.999937689,668.7712486,26.62465765
205,41,0.999856628,0.999856485,375.6010804,27.47321513
555,1,0.980442742,0.980436307,15.56414731,40.47024549
405,161,0.999973456,0.999973043,4606.563351,34.09049771
455,21,0.9996646,0.99966458,57.55726626,28.54770729
205,141,0.99997824,0.999976686,6585.943651,47.68750787
655,181,0.999978161,0.999974798,2506.772953,29.55865137
655,101,0.99996388,0.999962779,667.7021175,26.70681263
605,1,0.978651549,0.978646879,16.02178364,40.72714723
105,61,0.999941149,0.999940819,2467.881296,42.45399514
305,41,0.999850891,0.999850424,261.4293441,26.54595802
355,141,0.999972782,0.999970925,4026.924931,34.07601431
155,21,0.999659631,0.999659615,120.5569681,26.5512998
655,61,0.999886846,0.999886822,272.716649,26.72043654
405,181,0.999977445,0.999974847,5110.195958,36.21221828
55,1,0.98180002,0.981792573,4.418669057,32.13654058
455,181,0.999975648,0.999975432,4325.616311,34.10180275
305,161,0.999976394,0.999975716,5927.173875,39.91754646
105,101,0.999975603,0.999974401,7164.890619,60.49829661
405,41,0.999849096,0.99984863,213.537222,26.61629286
55,41,0.999928029,0.9999277,2409.810418,50.5171033
605,21,0.999714553,0.999711312,78.09034168,29.57913828
355,101,0.999969791,0.999968355,1404.469072,29.8248699
305,121,0.999973208,0.999971098,2783.21165,34.05679297
505,1,0.978571382,0.978566766,15.06963357,40.18441111
105,141,0.999978044,0.999973486,13168.35592,72.81828741
355,161,0.999980644,0.999976264,5173.816551,36.50506698
605,1,0.984872864,0.984862346,15.55410563,40.72714723
305,21,0.999678314,0.999678277,61.42355887,27.33416948
155,81,0.999956981,0.999956865,2641.481789,39.66876315
205,1,0.979707317,0.979701384,10.74161393,37.20850777
155,141,0.999979839,0.999976225,9007.772222,58.23593864
455,121,0.999967557,0.999966932,1941.876375,29.23011335
205,181,0.999982067,0.999979114,11018.60172,57.03389978
655,21,0.99969308,0.999693031,71.79128103,29.88184775
155,1,0.983037894,0.983029346,8.593799679,36.19230265
455,61,0.999905784,0.999898123,385.8883913,26.54422965
305,61,0.999895032,0.999894969,543.133019,27.47321513
255,41,0.999853141,0.999852661,303.3825422,26.78631423
155,41,0.999865547,0.999865374,519.0441979,29.18626331
205,181,0.999981681,0.999979948,10939.26444,57.03389978
655,81,0.999937935,0.999937768,593.6305648,26.51542568
105,61,0.999940903,0.999938857,2435.426681,42.45399514
205,81,0.999949286,0.999948954,1819.162388,33.99031634
355,41,0.999844882,0.99984486,217.8180049,26.52400128
505,121,0.999966157,0.999965898,1806.220134,28.45540266
605,121,0.999964486,0.99996426,1665.308401,27.47321513
105,61,0.999958944,0.999946459,2287.69569,42.45399514
655,161,0.999974531,0.999970777,3107.987149,28.62991968
605,141,0.999967392,0.999966148,3055.159794,28.27670525
405,41,0.999876026,0.999863695,345.8151144,26.61629286
305,61,0.999894682,0.999892355,533.6417831,27.47321513
255,141,0.999976297,0.999974705,5272.604967,41.10736212
205,61,0.999907427,0.999907203,899.983714,30.26413302
205,41,0.999885815,0.999872797,500.9304911,27.47321513
655,21,0.999765938,0.999741692,50.15609813,29.88184775
655,41,0.999848562,0.999848422,166.3102463,27.58957249
455,121,0.999967294,0.999967009,1920.267965,29.23011335
605,161,0.99997048,0.999969285,3409.413789,29.23574705
405,81,0.999938948,0.999938878,856.6228467,27.47321513
355,141,0.999971834,0.999971581,3953.981702,34.07601431
555,101,0.999964385,0.999964302,729.0734672,27.11621737
105,101,0.999984371,0.999975167,7198.25789,60.49829661
305,161,0.999976608,0.9999754,5958.313915,39.91754646
605,61,0.999887673,0.999887532,286.3597733,26.6205658
505,161,0.999971347,0.999971039,3869.663678,31.01316862
205,101,0.999975381,0.999975129,3022.009862,38.27772444
155,1,0.978635603,0.978630478,9.547351547,36.19230265
405,121,0.999968527,0.999968362,2067.948868,30.30549204
205,81,0.999949533,0.99994947,1806.657018,33.99031634
205,81,0.999948832,0.999947862,1827.089056,33.99031634
355,101,0.999969527,0.999968978,1369.306779,29.8248699
355,21,0.999659128,0.99965911,59.80876295,27.75233043
305,141,0.999974156,0.999972985,4488.545042,36.89686363
205,61,0.999906724,0.999903884,877.2891376,30.26413302
455,101,0.999966326,0.999966233,933.5094987,27.98819554
355,101,0.9999692,0.999969085,1324.784926,29.8248699
305,121,0.999972578,0.999972075,2737.458634,34.05679297
605,101,0.999963666,0.999963585,662.6403068,26.87101737
355,1,0.97907337,0.979067971,13.38057221,39.07354988
505,121,0.999966853,0.999965481,1847.477591,28.45540266
355,181,0.999978132,0.99997709,5959.98496,39.07305676
655,101,0.999964344,0.999961127,666.3453812,26.70681263
205,141,0.999987671,0.999981195,6656.706925,47.68750787
655,161,0.999970473,0.999968123,3195.355566,28.62991968
205,101,0.999975522,0.999974489,3066.408849,38.27772444
405,141,0.999972174,0.99996904,3710.670799,32.10893622
505,1,0.978818989,0.978813957,15.07279897,40.18441111
105,141,0.999988413,0.999981764,13166.79561,72.81828741
655,121,0.999963679,0.999963573,1600.718637,27.16650452
255,121,0.999975085,0.999974373,3390.03394,37.44761999
55,21,0.999824222,0.999795267,401.4954451,33.44319652
305,21,0.999704786,0.999702049,79.75690693,27.33416948
505,21,0.99970758,0.99970712,63.29345042,28.91337572
605,81,0.999936752,0.999934544,636.9924995,26.54337605
455,1,0.978525268,0.978520682,14.54479179,39.8630296
455,101,0.999966499,0.999966305,953.3159333,27.98819554
605,41,0.999875923,0.999863589,325.0219206,27.37494627
405,141,0.999979665,0.99997451,3656.530023,32.10893622
205,101,0.999975445,0.999974956,3040.21934,38.27772444
155,141,0.99997963,0.999976739,8982.366172,58.23593864
355,101,0.999970141,0.999966323,1432.225038,29.8248699
55,1,0.978880183,0.97887478,5.060532995,32.13654058
405,141,0.999971242,0.999969602,3702.158229,32.10893622
405,21,0.999682385,0.999682344,54.51506202,28.15981123
205,41,0.999853182,0.999853158,376.1643661,27.47321513
555,161,0.999970387,0.999970243,3578.132827,30.01069176
405,181,0.999982886,0.999979035,5042.887273,36.21221828
455,41,0.99987568,0.99986337,338.5837768,26.7703314
55,61,0.999957439,0.999953859,5408.283105,66.16343944
455,141,0.999969977,0.999968487,3472.473812,30.69381312
605,181,0.999973941,0.999971737,2934.614424,30.31953717
455,101,0.999975267,0.999967743,956.0751274,27.98819554
105,1,0.978109573,0.97810498,7.975540108,34.71188127
555,121,0.999965505,0.999964969,1746.29228,27.88956277
555,181,0.999974444,0.999973183,3352.686117,31.27999821
505,181,0.9999806,0.999977002,3746.045056,32.50769878
605,141,0.999966394,0.999966269,2993.369747,28.27670525
55,21,0.999776039,0.999775242,483.5528728,33.44319652
155,41,0.999864328,0.999864263,527.1835131,29.18626331
155,161,0.999980348,0.999978021,11614.02157,63.59455162
305,161,0.999982336,0.999977744,5967.673721,39.91754646
255,161,0.999978665,0.999976127,7120.118037,44.9112807
55,61,0.999957811,0.999947218,5404.275251,66.16343944
355,141,0.999973702,0.999970352,4040.865674,34.07601431
555,21,0.999712918,0.999709755,76.06692748,29.25681847
205,161,0.999980247,0.99997709,8867.453269,52.4540299
455,141,0.999969188,0.999968859,3427.410295,30.69381312
405,141,0.999970462,0.999970078,3654.480283,32.10893622
505,101,0.999966001,0.999964812,885.0754658,27.47321513
555,101,0.999965599,0.999962282,793.4502466,27.11621737
155,101,0.999977001,0.999973886,4490.218601,45.90599727
405,21,0.999707798,0.999704888,73.8877244,28.15981123
205,1,0.993752872,0.993515114,0.410971969,37.20850777
355,21,0.99968022,0.999680181,56.45834605,27.75233043
155,61,0.999937867,0.999927833,1306.072182,33.92505637
655,141,0.999974839,0.999970237,2882.694185,27.82249898
355,61,0.999908941,0.999901091,488.4292476,26.9449749
105,1,0.978446151,0.978441142,7.906859431,34.71188127
455,41,0.999848853,0.999848381,199.1885766,26.7703314
355,61,0.999891608,0.999891582,459.2702222,26.9449749
255,81,0.999944655,0.999944556,1386.999788,30.97108643
455,81,0.99994988,0.999942628,765.6589954,27.04667566
605,141,0.999968332,0.999965649,3050.086967,28.27670525
5,1,0.978303139,0.978298792,9.271749476,27.47321513
455,141,0.999970915,0.999967943,3476.507374,30.69381312
455,181,0.999975903,0.99997514,4382.060955,34.10180275
305,141,0.999983241,0.999977578,4495.125907,36.89686363
105,121,0.999985846,0.999978417,10114.15266,67.61071323
105,141,0.999977571,0.99997361,13103.44303,72.81828741
305,81,0.999941061,0.999940403,1158.899964,29.21894939
605,61,0.999904415,0.999896833,309.9520218,26.6205658
455,61,0.999889135,0.999888992,356.9739961,26.54422965
555,101,0.999964814,0.999964397,770.6304474,27.11621737
655,101,0.99997203,0.999964944,602.9940498,26.70681263
505,141,0.999968941,0.999967559,3300.694757,29.65142881
605,141,0.99997548,0.999970811,2980.652627,28.27670525
305,181,0.999979441,0.999978143,7097.574456,43.05932402
155,161,0.999981501,0.999977278,11743.59287,63.59455162
255,121,0.999976273,0.999971826,3456.1705,37.44761999
405,61,0.999890282,0.99988979,395.4804598,26.66868379
505,161,0.999971952,0.999970615,3908.029085,31.01316862
405,101,0.999967786,0.999967575,1114.601082,28.73304106
505,61,0.999888364,0.999888223,326.8109385,26.51511334
55,21,0.999751771,0.999751735,506.1315814,33.44319652
655,161,0.99996931,0.999969067,3181.759047,28.62991968
305,21,0.999656665,0.999656648,64.74985458,27.33416948
405,181,0.99997717,0.999975566,5106.663621,36.21221828
155,21,0.999704342,0.999703971,121.2327305,26.5512998
255,41,0.999848562,0.99984854,294.8971917,26.78631423
155,101,0.999976891,0.999976439,4439.559167,45.90599727
505,121,0.999967548,0.999964408,1853.101008,28.45540266
205,61,0.999924683,0.999915761,909.8765155,30.26413302
455,161,0.999972154,0.99997197,4173.252361,32.32930726
205,181,0.999981584,0.999980328,10912.80338,57.03389978
255,21,0.999752448,0.999729197,64.05160674,26.92963193
605,81,0.999949093,0.99994191,610.2925406,26.54337605
655,21,0.999674795,0.999674772,73.07622834,29.88184775
355,181,0.99997798,0.999977395,5928.884979,39.07305676
555,21,0.999669919,0.999669898,62.61565325,29.25681847
255,101,0.999973306,0.999972956,2190.420349,34.03005425
355,121,0.999970696,0.999969874,2361.516739,31.82994294
55,21,0.999763382,0.999763304,500.9231733,33.44319652
105,1,0.979256841,0.979251199,7.773563316,34.71188127
155,61,0.999920161,0.999919831,1362.438754,33.92505637
205,161,0.999985951,0.999980825,8875.459649,52.4540299
305,101,0.999971198,0.99997092,1678.313152,31.46570468
455,161,0.999973497,0.999970822,4232.152282,32.32930726
355,41,0.999849696,0.999849233,233.3500627,26.52400128
205,181,0.999988509,0.999983846,11032.98501,57.03389978
605,121,0.999965891,0.999962922,1707.06416,27.47321513
155,141,0.999980202,0.999975864,9039.688689,58.23593864
555,161,0.999970545,0.999970266,3601.052256,30.01069176
305,61,0.999911979,0.999903939,572.0973043,27.47321513
555,61,0.999904611,0.999897018,329.091474,26.54758314
605,101,0.999964912,0.999961652,721.4246873,26.87101737
555,181,0.999974095,0.999973783,3308.227926,31.27999821
205,161,0.999979732,0.999978105,8797.283971,52.4540299
555,1,0.97861324,0.978608596,15.56088436,40.47024549
205,41,0.999857481,0.999854765,377.1306338,27.47321513
405,101,0.999967989,0.999967494,1140.810184,28.73304106
505,41,0.999847894,0.999847762,184.2244088,26.95774936
455,181,0.999975752,0.999975355,4353.249423,34.10180275
505,61,0.999888124,0.999888071,327.6650119,26.51511334
605,41,0.99984668,0.99984663,165.7961981,27.37494627
55,81,0.999962048,0.999954124,9271.588113,75.42505606
305,1,0.978350087,0.978345613,12.71175318,38.57872468
655,41,0.99984478,0.999844757,155.0553613,27.58957249
505,141,0.999968146,0.999967853,3257.717719,29.65142881
655,141,0.999966308,0.999965794,2945.725876,27.82249898
205,141,0.999978894,0.999975467,6645.58126,47.68750787
355,1,0.978416175,0.978411659,13.37357153,39.07354988
255,41,0.999852253,0.999852121,302.5148051,26.78631423
255,61,0.999899336,0.999899304,683.4664191,28.44463953
455,1,0.978769144,0.978764145,14.54663551,39.8630296
655,41,0.999849474,0.999848969,172.2024821,27.58957249
405,141,0.999970275,0.999970075,3632.325965,32.10893622
255,121,0.99997494,0.999974549,3371.747496,37.44761999
605,101,0.999964108,0.999963703,702.2405022,26.87101737
355,21,0.999702248,0.999701837,59.93655214,27.75233043
405,101,0.999968666,0.999965035,1191.018891,28.73304106
555,1,0.979321014,0.979315453,15.57426677,40.47024549
305,61,0.99989461,0.999894582,545.9981596,27.47321513
505,1,0.980370837,0.980364453,15.08743118,40.18441111
255,41,0.999850724,0.999850676,298.7234496,26.78631423
405,81,0.999950618,0.999943302,851.6374459,27.47321513
155,141,0.999989278,0.999982429,9047.804894,58.23593864
405,121,0.999976652,0.999970738,2097.791679,30.30549204
555,121,0.999973148,0.999967648,1719.602517,27.88956277
555,141,0.999967588,0.999967014,3147.55989,28.86998276
305,81,0.999941715,0.999941632,1136.514272,29.21894939
155,61,0.999919371,0.999915803,1284.973009,33.92505637
105,121,0.999977932,0.999972347,10189.6939,67.61071323
505,61,0.999887635,0.999887611,328.424331,26.51511334
605,161,0.999969714,0.999969582,3352.272798,29.23574705
305,121,0.999972816,0.9999718,2759.668938,34.05679297
505,81,0.999937962,0.999937794,719.7848761,26.78130181
455,161,0.999972909,0.999971464,4237.602389,32.32930726
405,161,0.999974643,0.999971824,4654.904302,34.09049771
555,61,0.999887908,0.999887767,303.9869125,26.54758314
505,161,0.999971191,0.999971031,3846.621421,31.01316862
105,41,0.999915484,0.999899865,922.3448821,33.79806112
55,41,0.99992738,0.999917696,2239.25992,50.5171033
205,41,0.999857439,0.999856922,372.5397455,27.47321513
605,1,0.978905722,0.978900632,16.03073258,40.72714723
155,121,0.999987128,0.99997942,6527.65577,52.22633962
305,41,0.999851035,0.999848519,272.0337934,26.54595802
405,101,0.999967625,0.999967524,1095.116941,28.73304106
105,121,0.999977481,0.999973378,10138.30735,67.61071323
655,61,0.999887347,0.999887293,272.8230194,26.72043654
155,1,0.993689951,0.993457951,0.094391812,36.19230265
155,161,0.99998064,0.999977286,11662.06222,63.59455162
255,181,0.999980518,0.999979801,8618.695738,48.76987543
105,101,0.999975623,0.99997373,7176.948149,60.49829661
405,1,0.978473961,0.978469408,13.98145414,39.4970331
205,121,0.999978216,0.999974889,4551.763249,42.90404963
555,41,0.999849113,0.999846534,200.1854285,27.16244246
405,121,0.99996938,0.999967774,2130.23415,30.30549204
305,81,0.999941715,0.999941677,1127.794698,29.21894939
405,141,0.999970749,0.999969966,3679.285348,32.10893622
605,21,0.999711069,0.999710576,71.95116332,29.57913828
455,81,0.999937828,0.999937273,796.9688099,27.04667566
355,141,0.999972016,0.999971544,3976.231619,34.07601431
305,1,0.983935878,0.983926426,11.9016914,38.57872468
205,161,0.99998082,0.999976888,8910.673972,52.4540299
455,141,0.999968998,0.999968828,3405.367277,30.69381312
555,121,0.999965235,0.999964996,1725.117968,27.88956277
155,101,0.999976959,0.99997537,4470.350369,45.90599727
655,21,0.999705166,0.999705033,71.39674642,29.88184775
105,61,0.999940445,0.999934891,2370.945889,42.45399514
105,21,0.999710874,0.999710767,190.7996721,27.47321513
605,41,0.999844448,0.999844425,159.151115,27.37494627
155,121,0.999980272,0.999974685,6569.731698,52.22633962
605,161,0.999975179,0.999971366,3308.271244,29.23574705
505,101,0.999974212,0.999966837,827.7165719,27.47321513
305,181,0.99997929,0.999978515,7065.105103,43.05932402
55,61,0.999957552,0.99994958,5406.397659,66.16343944
555,1,0.984754246,0.984743871,15.08729687,40.47024549
405,81,0.999938908,0.999938877,846.643155,27.47321513
155,41,0.999866084,0.999863006,515.0644156,29.18626331
605,181,0.999973587,0.999973007,2934.966416,30.31953717
405,1,0.978713719,0.978708756,13.98292066,39.4970331
455,1,0.979210249,0.97920476,14.55002599,39.8630296
205,81,0.99994949,0.999949354,1812.191293,33.99031634
555,81,0.999936706,0.999934497,679.6160959,26.62465765
605,1,0.980508733,0.980502251,16.00153253,40.72714723
255,121,0.999975667,0.999973082,3436.406105,37.44761999
655,141,0.99996601,0.999965775,2923.158322,27.82249898
255,41,0.999880916,0.999868253,423.2559503,26.78631423
655,1,0.984982086,0.984971434,15.98321031,40.96008058
105,121,0.999977384,0.999974057,10117.82738,67.61071323
655,181,0.999973028,0.999972483,2594.20403,29.55865137
255,181,0.999981005,0.999978538,8734.382073,48.76987543
155,121,0.999979367,0.999977975,6474.120817,52.22633962
655,1,0.978943951,0.978938836,16.46785207,40.96008058
655,61,0.999887597,0.999887456,272.5255387,26.72043654
405,181,0.999976944,0.999976068,5081.951114,36.21221828
105,1,0.982546589,0.982538495,7.038570047,34.71188127
155,81,0.999956927,0.999956687,2640.984645,39.66876315
555,61,0.999887663,0.999887609,304.6597291,26.54758314
155,81,0.999956746,0.999956187,2640.760038,39.66876315
305,121,0.999972419,0.999972154,2718.801854,34.05679297
455,21,0.999684623,0.99968458,54.79084366,28.54770729
305,101,0.999971075,0.999970939,1660.097848,31.46570468
155,141,0.999979496,0.999977248,8962.574579,58.23593864
355,161,0.999974671,0.99997439,5127.861133,36.50506698
505,141,0.99997718,0.999972326,3235.995134,29.65142881
305,1,0.979993718,0.979987593,12.65736859,38.57872468
255,101,0.999973426,0.999972652,2217.963007,34.03005425
555,121,0.999965937,0.999964635,1765.424206,27.88956277
505,181,0.999975006,0.999974325,3810.509012,32.50769878
255,101,0.999973599,0.999971726,2257.79369,34.03005425
55,1,0.977697294,0.977693193,5.272976852,32.13654058
505,101,0.999966431,0.999963038,888.7947047,27.47321513
555,141,0.999967292,0.999967025,3124.364421,28.86998276
55,41,0.999928474,0.999926944,2360.80126,50.5171033
55,61,0.999975853,0.999960143,5303.253973,66.16343944
555,81,0.999949202,0.99994201,652.0994608,26.62465765
255,101,0.99997321,0.999973035,2171.227015,34.03005425
605,1,0.993965498,0.993707605,2.400273637,40.72714723
505,101,0.999965443,0.99996526,835.7945931,27.47321513
555,41,0.999846434,0.999846385,171.5445118,27.16244246
505,41,0.999846288,0.99984624,179.2944396,26.95774936
255,21,0.999654911,0.999654894,73.45687933,26.92963193
155,181,0.999982179,0.999978777,14338.39258,68.09989471
255,141,0.999976747,0.999974069,5303.413955,41.10736212
55,81,0.999961649,0.999957213,9213.218212,75.42505606
555,1,0.993950496,0.993694079,2.215920647,40.47024549
355,181,0.99998425,0.999980231,5936.697984,39.07305676
55,81,0.999961833,0.999954645,9254.005492,75.42505606
305,181,0.99998002,0.999977045,7151.780824,43.05932402
455,1,0.993914641,0.993661706,1.813202266,39.8630296
305,161,0.999976962,0.999974863,5990.696033,39.91754646
655,41,0.999849612,0.99984697,194.3619793,27.58957249
355,61,0.999891783,0.999889556,450.2913073,26.9449749
405,21,0.999661841,0.999661822,57.59950627,28.15981123
105,41,0.999883706,0.999883657,926.4763994,33.79806112
455,141,0.999969478,0.999968792,3451.543094,30.69381312
255,181,0.999980617,0.999979505,8650.188737,48.76987543
455,121,0.999975237,0.999969497,1924.388779,29.23011335
355,61,0.99989217,0.999891661,452.3587128,26.9449749
5,1,0.993464981,0.993278926,3.311473466,27.47321513
505,41,0.999844024,0.999844002,172.57403,26.95774936
355,101,0.999969344,0.999969108,1343.657722,29.8248699
255,81,0.999943145,0.999940405,1412.569341,30.97108643
255,81,0.999943983,0.999943223,1406.176684,30.97108643
355,61,0.999892057,0.999891999,457.5307708,26.9449749
405,161,0.999979169,0.999974957,4593.6895,34.09049771
105,21,0.999722226,0.999719343,196.2156717,27.47321513
155,181,0.999981694,0.999979372,14267.48955,68.09989471
305,161,0.999976254,0.999975865,5900.697006,39.91754646
155,41,0.999895349,0.999881586,624.5956803,29.18626331
505,81,0.99993677,0.999934551,732.3375276,26.78130181
555,161,0.999971726,0.99996925,3623.623363,30.01069176
105,141,0.99997746,0.999973835,13082.2463,72.81828741
105,1,0.993598215,0.99337456,-0.339062456,34.71188127
155,141,0.999980933,0.999975979,9079.501095,58.23593864
155,21,0.999695806,0.999695711,115.9678119,26.5512998
355,81,0.999939799,0.99993961,984.1080143,28.14718233
205,41,0.999855204,0.999855151,376.9717675,27.47321513
255,61,0.999899716,0.999899646,678.5156765,28.44463953
155,61,0.999919933,0.999918924,1313.804998,33.92505637
205,21,0.999700385,0.999700015,90.40974611,26.60425075
255,141,0.999985437,0.999979403,5301.623423,41.10736212
655,101,0.999963524,0.999963128,649.1226746,26.70681263
205,81,0.999961695,0.999953252,1860.752867,33.99031634
205,121,0.9999779,0.999975919,4527.438775,42.90404963
655,121,0.999965281,0.999962369,1659.322049,27.16650452
605,141,0.999966887,0.999966348,3038.111967,28.27670525
505,21,0.99971123,0.999708149,74.49133128,28.91337572
455,41,0.999846294,0.999846247,189.6449241,26.7703314
355,161,0.999975996,0.999972989,5228.429613,36.50506698
355,121,0.999971775,0.999968099,2397.14085,31.82994294
355,121,0.999970447,0.999970055,2339.43656,31.82994294
5,1,0.978442085,0.978437425,9.249500405,27.47321513
105,101,0.999975647,0.999971118,7207.596052,60.49829661
205,121,0.99997875,0.999973725,4572.974564,42.90404963
455,61,0.999888422,0.999888397,359.0948694,26.54422965
355,81,0.999938494,0.99993613,999.9596694,28.14718233
405,61,0.99989036,0.999890214,397.904756,26.66868379
405,101,0.999976544,0.999968829,1133.139459,28.73304106
605,121,0.999965192,0.999963941,1704.768095,27.47321513
455,21,0.999758778,0.999735057,51.15763928,28.54770729
555,81,0.999937957,0.999937893,656.9328035,26.62465765
205,81,0.999948046,0.999944855,1837.008133,33.99031634
405,101,0.999968281,0.999966959,1172.927056,28.73304106
255,21,0.999691218,0.99969112,68.78706758,26.92963193
105,41,0.999885731,0.999885447,889.8823397,33.79806112
655,61,0.999887223,0.999885109,267.5883744,26.72043654
555,41,0.999848962,0.999848474,181.1492747,27.16244246
505,181,0.999974858,0.999974511,3782.616404,32.50769878
255,1,0.979863266,0.979857229,11.79027229,37.9722011
255,141,0.999976037,0.999975118,5245.493554,41.10736212
155,121,0.999979463,0.999977384,6491.742869,52.22633962
155,161,0.99998702,0.999981706,11697.07081,63.59455162
205,121,0.999977586,0.999976909,4487.854265,42.90404963
355,21,0.999706171,0.999703348,75.73189879,27.75233043
605,61,0.99988762,0.999887146,284.9305353,26.6205658
355,141,0.999981303,0.999975928,3991.949491,34.07601431
105,81,0.999965694,0.999964933,4534.773285,51.78060279
655,161,0.999969916,0.999968767,3214.538076,28.62991968
105,1,0.977913969,0.977909753,8.017372382,34.71188127
205,141,0.999979705,0.999975186,6682.311709,47.68750787
605,81,0.999937858,0.999937828,606.0347834,26.54337605
355,181,0.999978365,0.999976559,5988.155863,39.07305676
155,181,0.99998179,0.999979082,14287.58953,68.09989471
405,61,0.999889671,0.999889645,400.6892007,26.66868379
255,161,0.999978119,0.999977128,7052.255261,44.9112807
405,1,0.979145813,0.979140366,13.98591654,39.4970331
355,81,0.999939946,0.999939912,962.2953015,28.14718233
255,161,0.999978324,0.999976705,7084.122706,44.9112807
105,141,0.999977743,0.999973467,13131.42704,72.81828741
505,41,0.999875603,0.999863296,333.0053544,26.95774936
5,1,0.979226133,0.979220692,9.141861386,27.47321513
455,21,0.999709511,0.999706514,73.60576296,28.54770729
505,141,0.999967953,0.999967804,3235.743304,29.65142881
555,141,0.99997625,0.999971499,3095.90094,28.86998276
505,181,0.999974754,0.999974568,3755.206077,32.50769878
355,1,0.980105869,0.980099668,13.38734538,39.07354988
555,1,0.978864262,0.978859201,15.5663613,40.47024549
655,161,0.999969545,0.999969029,3203.433203,28.62991968
155,101,0.999985274,0.999975868,4488.734847,45.90599727
55,1,0.977873987,0.977869528,5.237068343,32.13654058
555,21,0.999701542,0.999701418,61.30624573,29.25681847
455,81,0.999938375,0.999938308,772.1922755,27.04667566
455,61,0.999889067,0.999888586,354.9502245,26.54422965
305,181,0.999979188,0.999978724,7036.840016,43.05932402
505,181,0.999975218,0.999973873,3829.893258,32.50769878
205,21,0.999654942,0.999654926,89.24254269,26.60425075
155,1,0.978273233,0.978268543,9.606362261,36.19230265
505,141,0.999969882,0.999967032,3300.977053,29.65142881
355,181,0.999978673,0.999975907,5999.470974,39.07305676
405,161,0.999973306,0.999973084,4583.089184,34.09049771
655,101,0.999963273,0.999963108,629.0265338,26.70681263
605,181,0.999973782,0.999972587,2950.619181,30.31953717
205,121,0.999985388,0.999978065,4548.969477,42.90404963
605,101,0.999964457,0.999963336,721.6420164,26.87101737
155,181,0.999981936,0.999978855,14311.06653,68.09989471
255,81,0.999944678,0.999944632,1379.584871,30.97108643
305,81,0.999941529,0.99994132,1147.374126,29.21894939
555,141,0.999968091,0.999966788,3165.666329,28.86998276
305,101,0.999971353,0.999970721,1703.568998,31.46570468
205,61,0.999907003,0.999906963,922.8596288,30.26413302
455,101,0.99996703,0.999965786,1007.348034,27.98819554
505,21,0.999667307,0.999667287,59.25905419,28.91337572
655,141,0.999967752,0.999965126,2954.707181,27.82249898
605,181,0.999973444,0.999973158,2908.535674,30.31953717
255,181,0.99998138,0.999978156,8778.350898,48.76987543
255,1,0.978272983,0.978268557,11.97949828,37.9722011
305,81,0.999953759,0.999946153,1135.838399,29.21894939
305,181,0.999985729,0.999981511,7098.388587,43.05932402
305,181,0.999979678,0.999977593,7129.81928,43.05932402
405,181,0.999976687,0.999976426,5024.213445,36.21221828
255,61,0.999899869,0.999899686,671.8033672,28.44463953
255,121,0.999975303,0.999973948,3412.142779,37.44761999
305,141,0.999975528,0.999971886,4537.274798,36.89686363
505,21,0.999686844,0.9996868,56.95451152,28.91337572
555,81,0.999937482,0.999936941,680.290102,26.62465765
105,61,0.999941124,0.999940351,2461.204572,42.45399514
205,141,0.999978479,0.999976115,6612.876762,47.68750787
605,41,0.99984933,0.999846721,196.4635657,27.37494627
505,61,0.999905035,0.999897417,353.6164503,26.51511334
455,101,0.999967441,0.999963947,1016.686536,27.98819554
355,41,0.999848753,0.999848626,229.876544,26.52400128
605,21,0.99970339,0.999703262,66.32520044,29.57913828
305,101,0.999979869,0.999971604,1736.566682,31.46570468
505,81,0.999938079,0.999938013,707.7313011,26.78130181
455,61,0.999888902,0.999888848,358.0830179,26.54422965
55,21,0.999778004,0.999773194,471.6539843,33.44319652
655,121,0.999964145,0.999963656,1640.447293,27.16650452
555,181,0.999974629,0.999972355,3340.243809,31.27999821
305,161,0.999977555,0.999974302,6014.268941,39.91754646
455,121,0.999967113,0.99996697,1901.331112,29.23011335
655,1,0.979414005,0.979408382,16.46528,40.96008058
555,181,0.99997424,0.999973617,3335.332602,31.27999821
455,41,0.999849014,0.999846489,214.7953969,26.7703314
455,41,0.99984402,0.999843998,183.0633004,26.7703314
